Jour,Seuil,Nb phrases,Nb Positif,% Positif,Nb Négatif,% Négatif
5,0.9,2216,72,3.2490974729241877,188,8.483754512635379
5,0.925,2216,39,1.759927797833935,140,6.317689530685921
5,0.95,2216,21,0.9476534296028881,98,4.422382671480144
5,0.96,2216,16,0.7220216606498195,82,3.700361010830325
5,0.97,2216,5,0.22563176895306858,63,2.8429602888086642
5,0.98,2216,4,0.18050541516245489,45,2.0306859205776173
5,0.99,2216,2,0.09025270758122744,22,0.9927797833935018
