Jour,Seuil,Nb phrases,Nb Positif,% Positif,Nb Négatif,% Négatif
11,0.9,2546,45,1.767478397486253,215,8.444619010212097
11,0.925,2546,32,1.2568735271013354,162,6.3629222309505105
11,0.95,2546,13,0.5106048703849175,104,4.08483896307934
11,0.96,2546,8,0.31421838177533384,85,3.3385703063629224
11,0.97,2546,4,0.15710919088766692,65,2.5530243519245874
11,0.98,2546,1,0.03927729772191673,53,2.081696779261587
11,0.99,2546,1,0.03927729772191673,21,0.8248232521602514
