Jour,Seuil,Nb phrases,Nb Positif,% Positif,Nb Négatif,% Négatif
10,0.9,1742,52,2.985074626865672,130,7.462686567164179
10,0.925,1742,36,2.0665901262916186,95,5.453501722158439
10,0.95,1742,21,1.2055109070034442,55,3.1572904707233067
10,0.96,1742,13,0.746268656716418,42,2.4110218140068884
10,0.97,1742,7,0.4018369690011481,33,1.894374282433984
10,0.98,1742,2,0.1148105625717566,19,1.0907003444316876
10,0.99,1742,1,0.0574052812858783,11,0.6314580941446614
