Jour,Seuil,Nb phrases,Nb Positif,% Positif,Nb Négatif,% Négatif
20,0.9,915,37,4.043715846994536,53,5.7923497267759565
20,0.925,915,25,2.73224043715847,40,4.371584699453552
20,0.95,915,15,1.639344262295082,24,2.622950819672131
20,0.96,915,12,1.3114754098360655,20,2.185792349726776
20,0.97,915,9,0.9836065573770492,14,1.530054644808743
20,0.98,915,4,0.4371584699453552,7,0.7650273224043715
20,0.99,915,1,0.1092896174863388,3,0.32786885245901637
