Jour,Seuil,Nb phrases,Nb Positif,% Positif,Nb Négatif,% Négatif
16,0.9,2006,44,2.193419740777667,238,11.864406779661017
16,0.925,2006,23,1.1465603190428715,186,9.272183449651047
16,0.95,2006,17,0.847457627118644,123,6.13160518444666
16,0.96,2006,13,0.6480558325024925,91,4.536390827517447
16,0.97,2006,9,0.44865403788634095,62,3.090727816550349
16,0.98,2006,6,0.29910269192422734,37,1.844466600199402
16,0.99,2006,3,0.14955134596211367,22,1.0967098703888336
