Jour,Seuil,Nb phrases,Nb Positif,% Positif,Nb Négatif,% Négatif
17,0.9,2694,64,2.3756495916852263,296,10.987379361544173
17,0.925,2694,36,1.3363028953229399,225,8.351893095768375
17,0.95,2694,21,0.779510022271715,162,6.013363028953229
17,0.96,2694,17,0.6310319227913883,133,4.936896807720861
17,0.97,2694,10,0.3711952487008166,106,3.9346696362286564
17,0.98,2694,6,0.22271714922049,81,3.0066815144766146
17,0.99,2694,2,0.07423904974016332,40,1.4847809948032664
