Jour,Seuil,Nb phrases,Nb Positif,% Positif,Nb Négatif,% Négatif
3,0.9,1986,50,2.5176233635448138,186,9.365558912386707
3,0.925,1986,38,1.9133937562940584,136,6.847935548841893
3,0.95,1986,28,1.4098690835850958,82,4.128902316213495
3,0.96,1986,20,1.0070493454179255,65,3.272910372608258
3,0.97,1986,13,0.6545820745216515,44,2.215508559919436
3,0.98,1986,4,0.2014098690835851,30,1.5105740181268883
3,0.99,1986,2,0.10070493454179255,16,0.8056394763343404
