Jour,Seuil,Nb phrases,Nb Positif,% Positif,Nb Négatif,% Négatif
4,0.9,2482,96,3.8678485092667203,180,7.2522159548751
4,0.925,2482,68,2.73972602739726,140,5.640612409347301
4,0.95,2482,44,1.7727639000805802,95,3.8275584206285256
4,0.96,2482,29,1.1684125705076551,81,3.2634971796937955
4,0.97,2482,22,0.8863819500402901,56,2.2562449637389204
4,0.98,2482,14,0.5640612409347301,45,1.813053988718775
4,0.99,2482,3,0.12087026591458501,31,1.2489927477840452
