Jour,Seuil,Nb phrases,Nb Positif,% Positif,Nb Négatif,% Négatif
18,0.9,3213,56,1.7429193899782136,315,9.803921568627452
18,0.925,3213,34,1.0582010582010581,229,7.12729536258948
18,0.95,3213,20,0.6224712107065048,152,4.730781201369437
18,0.96,3213,18,0.5602240896358543,132,4.1083099906629315
18,0.97,3213,10,0.3112356053532524,99,3.081232492997199
18,0.98,3213,8,0.24898848428260192,67,2.085278555866791
18,0.99,3213,0,0.0,41,1.2760659819483349
