Jour,Seuil,Nb phrases,Nb Positif,% Positif,Nb Négatif,% Négatif
1,0.9,2186,111,5.077767612076853,185,8.462946020128088
1,0.925,2186,77,3.522415370539799,146,6.678865507776761
1,0.95,2186,42,1.9213174748398902,97,4.437328453796889
1,0.96,2186,29,1.3266239707227814,80,3.659652333028362
1,0.97,2186,19,0.869167429094236,65,2.9734675205855443
1,0.98,2186,9,0.41171088746569073,47,2.150045745654163
1,0.99,2186,1,0.04574565416285453,21,0.9606587374199451
