Jour,Seuil,Nb phrases,Nb Positif,% Positif,Nb Négatif,% Négatif
6,0.9,2180,41,1.8807339449541285,176,8.073394495412844
6,0.925,2180,28,1.2844036697247707,132,6.055045871559633
6,0.95,2180,16,0.7339449541284404,81,3.7155963302752295
6,0.96,2180,15,0.6880733944954128,68,3.1192660550458715
6,0.97,2180,8,0.3669724770642202,50,2.293577981651376
6,0.98,2180,5,0.22935779816513763,33,1.5137614678899083
6,0.99,2180,2,0.09174311926605505,23,1.055045871559633
