Jour,Seuil,Nb phrases,Nb Positif,% Positif,Nb Négatif,% Négatif
9,0.9,1542,42,2.7237354085603114,121,7.8469520103761345
9,0.925,1542,31,2.0103761348897535,86,5.577172503242542
9,0.95,1542,19,1.2321660181582361,53,3.437094682230869
9,0.96,1542,18,1.1673151750972763,40,2.594033722438392
9,0.97,1542,12,0.7782101167315175,27,1.7509727626459144
9,0.98,1542,9,0.5836575875486382,17,1.1024643320363166
9,0.99,1542,2,0.1297016861219196,12,0.7782101167315175
