Jour,Seuil,Nb phrases,Nb Positif,% Positif,Nb Négatif,% Négatif
14,0.9,1692,72,4.25531914893617,147,8.687943262411348
14,0.925,1692,48,2.8368794326241136,106,6.264775413711584
14,0.95,1692,35,2.0685579196217496,75,4.432624113475177
14,0.96,1692,24,1.4184397163120568,62,3.6643026004728134
14,0.97,1692,16,0.9456264775413712,51,3.0141843971631204
14,0.98,1692,10,0.5910165484633569,40,2.3640661938534278
14,0.99,1692,3,0.1773049645390071,20,1.1820330969267139
