Jour,Seuil,Nb phrases,Nb Positif,% Positif,Nb Négatif,% Négatif
13,0.9,2075,77,3.710843373493976,161,7.759036144578313
13,0.925,2075,51,2.4578313253012047,119,5.734939759036145
13,0.95,2075,28,1.3493975903614457,84,4.048192771084337
13,0.96,2075,19,0.9156626506024096,72,3.4698795180722892
13,0.97,2075,10,0.4819277108433735,56,2.6987951807228914
13,0.98,2075,7,0.3373493975903614,40,1.927710843373494
13,0.99,2075,2,0.0963855421686747,25,1.2048192771084338
