Jour,Seuil,Nb phrases,Nb Positif,% Positif,Nb Négatif,% Négatif
7,0.9,1889,41,2.170460561143462,146,7.728957120169402
7,0.925,1889,27,1.4293276866066702,109,5.770248808893594
7,0.95,1889,14,0.741132874536792,66,3.493912122816305
7,0.96,1889,11,0.5823186871360508,56,2.964531498147168
7,0.97,1889,9,0.4764425622022234,44,2.3292747485442034
7,0.98,1889,4,0.21175224986765484,31,1.641079936474325
7,0.99,1889,1,0.05293806246691371,18,0.9528851244044468
