Jour,Seuil,Nb phrases,Nb Positif,% Positif,Nb Négatif,% Négatif
8,0.9,1962,64,3.261977573904179,161,8.205912334352702
8,0.925,1962,38,1.9367991845056065,126,6.422018348623853
8,0.95,1962,22,1.1213047910295617,83,4.230377166156982
8,0.96,1962,20,1.019367991845056,68,3.4658511722731906
8,0.97,1962,15,0.764525993883792,48,2.4464831804281344
8,0.98,1962,7,0.3567787971457696,35,1.783893985728848
8,0.99,1962,1,0.0509683995922528,20,1.019367991845056
