Jour,Seuil,Nb phrases,Nb Positif,% Positif,Nb Négatif,% Négatif
15,0.9,1862,31,1.664876476906552,161,8.646616541353383
15,0.925,1862,19,1.0204081632653061,121,6.498388829215897
15,0.95,1862,15,0.8055853920515574,78,4.189044038668099
15,0.96,1862,14,0.7518796992481203,68,3.651987110633727
15,0.97,1862,9,0.4833512352309345,57,3.061224489795918
15,0.98,1862,5,0.26852846401718583,47,2.524167561761547
15,0.99,1862,3,0.1611170784103115,22,1.1815252416756177
