Jour,Seuil,Nb phrases,Nb Positif,% Positif,Nb Négatif,% Négatif
2,0.9,1317,61,4.6317388003037205,108,8.200455580865604
2,0.925,1317,43,3.2649962034927866,83,6.302201974183751
2,0.95,1317,21,1.5945330296127562,51,3.8724373576309796
2,0.96,1317,15,1.1389521640091116,40,3.0372057706909645
2,0.97,1317,9,0.683371298405467,31,2.3538344722854974
2,0.98,1317,4,0.30372057706909644,25,1.8982536066818527
2,0.99,1317,1,0.07593014426727411,21,1.5945330296127562
