Jour,Seuil,Nb phrases,Nb Positif,% Positif,Nb Négatif,% Négatif
12,0.9,2594,62,2.3901310717039324,257,9.907478797224364
12,0.925,2594,42,1.6191210485736314,217,8.365458750963763
12,0.95,2594,21,0.8095605242868157,142,5.474171164225135
12,0.96,2594,15,0.5782575173477256,116,4.471858134155744
12,0.97,2594,11,0.42405551272166536,94,3.623747108712413
12,0.98,2594,7,0.26985350809560527,74,2.8527370855821124
12,0.99,2594,2,0.07710100231303008,42,1.6191210485736314
