Jour,Seuil,Nb phrases,Nb Positif,% Positif,Nb Négatif,% Négatif
19,0.9,1528,30,1.963350785340314,145,9.489528795811518
19,0.925,1528,23,1.5052356020942408,111,7.2643979057591626
19,0.95,1528,18,1.1780104712041886,71,4.646596858638744
19,0.96,1528,13,0.8507853403141361,57,3.730366492146597
19,0.97,1528,7,0.4581151832460733,46,3.0104712041884816
19,0.98,1528,3,0.19633507853403143,35,2.2905759162303663
19,0.99,1528,1,0.06544502617801047,21,1.37434554973822
